year,month,Latitude,Longitude,fatalities,target_type,group_name
2008,6,9.480927180170006,63.60352273465033,41,Civilian,Group C
2022,7,36.19244008874976,140.55200735587502,28,Civilian,Unknown
2003,4,53.89773515545375,52.242422523902846,8,Government,Unknown
2018,2,85.6868747378627,113.22349174527913,4,Government,Group A
2022,2,81.64387155915198,89.11307382426641,0,Civilian,Group B
2021,10,65.95625454932446,141.8211047576002,6,Police,Unknown
2001,9,0.6042102430006491,70.19768893695829,48,Military,Unknown
2010,12,77.119647860402,142.32059292014654,31,Military,Unknown
2011,3,87.26634008684655,57.45614833078914,31,Police,Unknown
2004,2,73.91020603907037,152.71111446237418,49,Government,Group C
2011,1,80.63335886866476,95.26338321682192,4,Civilian,Group B
2003,9,45.22195055445702,69.86829475634421,17,Government,Group C
2014,11,45.12816222751785,98.53491959555242,5,Civilian,Group A
2003,12,13.747327181698635,110.46900595965985,44,Military,Group C
2001,9,63.13731747966502,45.08113058699843,36,Government,Group A
2022,10,80.83297602093847,30.066737080597225,31,Government,Unknown
2021,6,55.47883339090001,17.611549811118017,29,Police,Group B
2018,1,75.83567539643906,114.62023934083207,0,Government,Unknown
2016,2,12.03632133582839,13.501629256162415,47,Government,Unknown
2007,3,5.597086372805714,49.941123035107935,7,Police,Group C
2010,9,62.6662052133179,120.16446259688264,5,Civilian,Group C
2008,12,52.570505589170615,142.3081338759515,32,Military,Group A
2021,9,33.57786990934631,60.396733049173626,10,Government,Group B
2007,6,1.3194004985963248,116.54849967488093,42,Police,Group C
2022,2,44.3236036789596,79.53607411381876,11,Military,Group A
2014,12,0.8727112370626522,179.1790158693426,26,Civilian,Group A
2010,4,41.654184380757854,11.430775701788242,24,Military,Group A
2014,2,17.47804405316444,40.13053407962056,27,Government,Group A
2003,12,89.0029985036773,163.81410935599695,28,Military,Unknown
2004,3,43.576795100183936,93.09671966073549,25,Military,Group A
2017,8,10.972129875722674,55.4135121816827,20,Civilian,Unknown
2015,5,41.02227505371255,108.32366047218031,29,Civilian,Group C
2022,3,21.90985141218834,70.29228529843141,34,Civilian,Group B
2000,1,28.317621379597536,129.9049270746146,48,Military,Group A
2002,8,8.978647967467175,82.18508130184635,12,Police,Unknown
2016,5,35.61618885914054,93.66781615454555,11,Police,Group C
2018,8,60.736615997684076,59.42662622197856,32,Government,Unknown
2007,9,35.29412386486365,9.717025085301785,23,Government,Unknown
2003,11,41.923940092821496,71.44662493556407,26,Civilian,Group B
2008,3,74.9364159797578,5.25575313227276,24,Government,Unknown
2022,5,45.62063177327053,141.86159579365207,4,Police,Unknown
2005,8,29.070061002095272,179.76143627911327,27,Police,Group C
2022,6,7.5111809490574135,100.07274811331257,2,Police,Group C
2015,6,50.45122725193681,147.76631730707385,0,Police,Group B
2004,9,45.393458801119536,106.87849398283757,27,Police,Group B
2018,4,88.02135198046962,40.617603129471306,42,Civilian,Group B
2021,12,28.618789430060765,66.08409470714578,16,Civilian,Unknown
2015,6,85.82565886335713,109.80944493501426,13,Civilian,Unknown
2014,11,67.69472954657792,103.86321803827856,30,Civilian,Unknown
2022,10,51.56468636872596,78.89334209765586,21,Government,Unknown
2022,12,79.54662085938844,115.96306380790195,46,Military,Unknown
2013,10,81.70345627508446,166.4464190744621,44,Police,Group A
2021,12,54.5437697327184,128.31146762702474,47,Military,Group C
2004,4,63.62642648324291,56.76258563160259,5,Military,Group C
2002,6,19.286229435446607,24.662374674392545,47,Government,Group B
2010,3,58.178332712222634,11.794619789422612,33,Civilian,Unknown
2007,12,65.07434991619078,53.26531393463096,26,Military,Unknown
2022,5,68.58980658360944,61.29145121368155,4,Civilian,Group B
2022,3,74.97542675367725,123.3735321044283,39,Civilian,Group B
2008,11,0.41140078249418677,31.842048024917652,49,Police,Group C
2020,11,25.659487243556814,124.65301203540032,5,Civilian,Group C
2002,10,45.24360203117758,167.55342942878252,24,Civilian,Group C
2010,10,15.787144437725937,137.28331248418354,21,Military,Group A
2008,4,16.7072500074105,84.30992112072464,48,Civilian,Unknown
2000,9,88.84686523559962,133.67731054532513,11,Civilian,Group A
2007,11,48.262446197150254,75.11467951780978,45,Government,Group C
2014,9,6.560112060339148,77.16855045420381,28,Military,Group A
2001,9,52.5321026910705,144.35659397693632,20,Military,Unknown
2001,5,72.29660309974855,60.48635644950369,4,Government,Group B
2010,11,84.36429497229393,142.90915306543206,12,Civilian,Unknown
2020,11,53.33692326385487,65.07471299853108,4,Military,Unknown
2003,8,25.6502863339279,115.26441248389001,12,Military,Group B
2019,4,55.06965343064955,171.1890058150845,50,Military,Group B
2002,1,13.350357383070916,145.63665664380304,46,Government,Unknown
2013,9,10.042261084545224,36.19176615425808,43,Civilian,Group C
2002,3,44.335446647580284,39.779689029950944,31,Military,Group B
2014,6,82.62945105220953,69.39880712641688,4,Police,Group C
2022,1,3.1154416638933116,161.9807349403646,31,Civilian,Group C
2014,9,36.97850425891378,179.31796326481683,38,Police,Unknown
2001,6,5.544598900758445,39.13289750903893,2,Military,Group B
2009,4,83.48906310283154,53.89016358215323,13,Civilian,Group B
2014,4,17.345623560742393,77.54709847033072,45,Civilian,Group B
2022,5,57.73377844076866,61.043630723382044,22,Government,Group B
2001,8,23.88881069811679,42.01005075347008,39,Police,Group A
2007,4,74.10734043510836,23.09511718974767,6,Police,Unknown
2004,4,13.826862557690772,10.451947050439612,50,Civilian,Group A
2009,5,41.92175075288514,47.758316531508086,20,Police,Unknown
2013,3,67.68166973581037,66.90615145655138,37,Police,Unknown
2022,8,36.81150825298398,83.20654525525009,34,Police,Group A
2021,8,79.12649771621909,22.72612047617344,4,Government,Group B
2016,8,69.5769511298599,151.02139361278813,26,Military,Unknown
2021,5,31.145084264931434,94.24895798936123,21,Civilian,Group B
2003,11,15.428793096750786,16.64556732226392,32,Military,Group A
2013,9,52.99238805814463,26.73358312847578,2,Police,Group C
2005,6,42.31291808530872,160.1143165976604,39,Military,Unknown
2010,8,55.35634407099154,5.80884497234933,18,Civilian,Group B
2008,7,73.2516323730216,99.07418828061377,18,Military,Group A
2013,1,0.4775525149098214,45.0724999302084,49,Military,Group B
2011,9,68.54896257640063,85.47616212981619,46,Government,Group A
2000,2,33.0207138806912,87.45635188843725,14,Government,Unknown
2010,5,45.22055759228856,144.7613627113391,18,Military,Group B
2010,2,66.70198990634552,152.94494044282638,33,Police,Group A
2003,8,64.48281227369537,115.39056777872426,12,Civilian,Group C
2000,2,83.08234001570597,115.84993898708777,46,Military,Group B
2006,7,20.743843275618133,164.15158458059605,30,Civilian,Group C
2001,6,74.22537800635428,167.54230531204098,15,Government,Group C
2001,1,78.16045158844781,172.02061624783397,20,Police,Group B
2005,9,68.25595773201503,103.73915097781041,45,Police,Group A
2007,2,54.24061809637932,38.703535818678304,7,Civilian,Group B
2001,6,63.19230504529505,63.16983937096224,28,Police,Group C
2003,11,1.7266072973329682,148.62991719254734,30,Civilian,Group B
2000,9,55.0071479671568,171.6599645579748,34,Government,Group A
2010,2,31.206478292135827,47.150651798090514,47,Police,Group C
2016,6,81.17878791475843,32.81349254125926,17,Civilian,Group A
2016,9,47.51748935432532,124.41256629424961,0,Military,Group B
2017,9,16.53796848182307,92.01722238752622,5,Civilian,Group A
2021,8,47.625026605107735,129.01943585991086,47,Civilian,Group B
2010,10,88.85512669389807,58.10587012422032,25,Government,Group B
2021,10,12.184926640926324,32.51559798824226,15,Government,Unknown
2020,7,56.841829817213515,27.61614209221136,15,Military,Group C
2003,10,78.71901374392755,164.65293889505966,20,Civilian,Group B
2013,4,9.400158891475877,66.42469269174359,8,Civilian,Group C
2008,4,50.35264916588262,82.39952959125326,39,Military,Group B
2017,11,37.11035238623434,7.491577406519672,37,Military,Unknown
2014,12,25.562535114589224,155.89985888272423,37,Military,Group C
2018,11,5.285322163802296,45.77180086464539,1,Government,Group C
2013,1,35.83611214566814,59.19384163677883,32,Military,Unknown
2011,5,69.33705695043399,55.94057473125737,1,Police,Group B
2008,5,31.38923696870533,71.47056790984762,44,Military,Group B
2003,12,60.840625959626344,37.402368163321334,44,Government,Group B
2002,6,88.61377160655364,83.37585481869272,30,Police,Unknown
2003,12,11.2434408244458,124.45120267873477,47,Government,Group C
2015,7,0.7627163022812256,12.004630965444436,18,Police,Unknown
2006,5,40.91901391156647,112.95108956887151,45,Civilian,Unknown
2000,5,22.931289518944784,76.15006969769205,28,Military,Group B
2015,10,68.38539330102209,105.03553068731111,15,Civilian,Group B
2006,1,47.92976155857681,90.6918737890058,33,Military,Group A
2001,5,53.74814858786328,92.76776310155023,37,Police,Unknown
2004,10,2.8642094074775457,52.62101053429646,17,Police,Unknown
2007,8,73.15824019764393,112.45744401577453,50,Civilian,Group C
2010,5,74.64187166938129,78.12497479642391,8,Government,Unknown
2010,12,1.7074175743577236,39.48287826922275,49,Police,Group A
2011,4,68.03700165278558,150.91086061344882,22,Government,Group C
2012,7,65.93396685606973,22.601422830171757,2,Police,Group A
2022,9,71.80265322052888,121.25525518224987,8,Civilian,Unknown
2004,11,38.936014588739546,65.83155332543097,50,Police,Group C
2006,4,67.25609850802769,121.25101353104151,43,Government,Group B
2002,12,60.720792547103855,174.45875233847727,18,Military,Group A
2022,7,63.20328259542966,168.2557250467039,9,Government,Unknown
2001,12,85.51533234941193,177.2990409944653,48,Police,Group B
2004,8,59.17118858041098,163.78931900666157,48,Military,Group B
2012,1,42.84532776637794,57.03520038629746,45,Government,Group B
2018,2,42.525514753553615,46.154879853150945,20,Civilian,Group A
2005,5,5.65773748611027,17.470008227706877,10,Military,Group B
2018,4,10.135522691798343,146.7215961160752,29,Police,Group B
2017,8,85.58040356337357,93.6327458434677,39,Police,Unknown
2008,6,63.67080036953307,29.530176811849294,28,Civilian,Group B
2010,11,30.165217630151346,177.4037696522833,14,Military,Unknown
2008,9,27.914103535646003,65.78069873535414,16,Civilian,Group C
2010,9,53.870751578766665,35.41732796033504,20,Civilian,Unknown
2015,1,4.2749661977943445,60.4000634030815,18,Military,Group A
2016,12,48.31193604997352,89.79550425011422,31,Civilian,Group C
2001,11,12.098307772579801,48.62196838631024,18,Police,Unknown
2017,2,15.641307272423346,73.83667620138105,41,Government,Unknown
2007,12,58.27527538827526,32.88953110066376,44,Civilian,Group C
2004,5,67.05988098447781,164.62170552484528,43,Police,Group A
2022,2,36.99630463862413,4.756681203354487,20,Military,Unknown
2019,4,43.92320970641622,1.9602974745137525,3,Police,Group B
2014,7,58.432753987592456,87.47255687999892,15,Government,Group A
2000,7,39.91625730582775,145.69058063377284,38,Military,Group C
2008,12,2.7829240654779763,161.24142144943136,10,Military,Group C
2014,4,70.67094107803558,176.68189422502203,25,Civilian,Group C
2012,5,37.37264300144623,83.49246224456115,9,Civilian,Group B
2019,7,38.90276298984946,38.76993410869608,22,Government,Group A
2004,7,24.8056597083894,108.89197191048815,29,Military,Group A
2003,1,66.8237467064782,161.5113275199728,50,Police,Group A
2008,3,43.93334452330909,29.159758011989616,12,Civilian,Group B
2005,2,11.048995404198493,71.43866142346148,31,Police,Unknown
2000,5,84.71720161539965,96.03831099126467,49,Civilian,Group B
2011,9,37.523012550117436,143.22377860198583,41,Military,Group C
2011,12,13.731747215965479,155.25118215207652,3,Civilian,Unknown
2005,11,11.68254561202829,30.61835929398393,9,Military,Unknown
2010,11,84.23672588537985,119.36177324989977,47,Police,Unknown
2011,7,50.84474563633473,96.87353593350734,2,Military,Group B
2017,9,21.81274234931443,86.15277882134272,33,Civilian,Group A
2017,12,69.71155848983025,97.90428640050129,20,Civilian,Group C
2007,2,42.52544312409614,155.94975719881995,37,Military,Group A
2012,6,77.4850494600997,40.43011265730686,19,Police,Unknown
2017,3,75.89141208168587,12.860229364769534,35,Government,Group B
2002,4,11.382230826103697,98.04608617130624,47,Civilian,Unknown
2019,11,83.15260044011698,130.80019398293652,30,Civilian,Group A
2019,1,53.143898352029744,86.21994219651022,30,Government,Group B
2010,12,54.93600341569857,69.82200277671369,16,Civilian,Group B
2014,4,48.73280713256552,171.61864040844918,27,Government,Group A
2014,8,43.110902888019766,97.48518652445993,4,Civilian,Unknown
2021,8,69.5496065701822,170.63922092447277,42,Police,Group B
2000,11,31.05000029289169,40.580509810454274,25,Government,Group C
2016,1,53.78454000308635,157.49934765897396,5,Military,Unknown
2010,4,38.21646185305837,57.67036172982035,25,Military,Group B
2011,9,81.91796237248313,115.40942510841481,35,Government,Group C
2019,1,6.11480947802007,176.4407307482378,39,Civilian,Unknown
2020,7,53.95264634545036,126.1161188058263,42,Police,Group B
2010,11,18.371416701323355,174.0894284540448,47,Government,Unknown
2004,5,5.183344950175516,82.25814011378395,37,Civilian,Group B
2004,5,34.26414352781057,56.96077691794605,26,Police,Group C
2005,1,17.272448326117654,161.9896352396039,15,Government,Group A
2021,9,84.67583032015659,13.023779075188626,13,Civilian,Group A
2021,6,66.32711197205626,109.64601693793942,39,Government,Unknown
2017,3,1.0189846417536963,165.23499628428192,12,Civilian,Unknown
2013,4,36.10747665486479,158.88050943733987,43,Military,Group B
2021,6,45.683749098177096,83.95269845853616,41,Military,Group A
2006,9,47.12830104853022,40.001259046827634,47,Police,Group B
2018,6,26.915690369384745,103.73923958416314,29,Military,Group A
2000,6,45.65816879412255,138.52509284496162,30,Government,Group A
2019,8,3.703202623940135,100.91023033784909,32,Government,Group B
2002,7,19.83642934514817,101.10623977922972,23,Police,Unknown
2015,11,54.31334480775431,145.21026767043628,44,Police,Group C
2006,7,41.89976430405363,136.82068539364138,28,Civilian,Group C
2009,6,58.940503473878245,1.6063946719798072,37,Police,Group B
2001,6,8.815313375232629,108.70122285784734,28,Government,Group A
2016,8,37.24597964582522,23.168203145208455,2,Military,Group B
2019,9,12.15073310690852,175.3334851842546,24,Civilian,Unknown
2001,8,28.825146495408465,40.2938332189679,5,Civilian,Group A
2017,10,86.25660622402594,19.29135039168147,25,Civilian,Unknown
2021,10,35.114225043264284,5.527135092819508,46,Military,Unknown
2007,3,52.328742367679595,45.40902295808515,21,Military,Group A
2005,12,8.274766948642093,25.435162883652488,4,Military,Unknown
2010,7,9.930828277736444,35.772381419454355,17,Government,Group B
2006,10,80.07019371379663,83.76164918835414,5,Police,Group A
2002,7,49.25392355918953,7.374362102276171,44,Civilian,Unknown
2016,5,59.617704521677254,176.45617158172877,16,Police,Unknown
2003,12,29.97230513681262,133.5529918658835,17,Police,Group B
2017,3,82.85478818355907,42.10271662731367,8,Police,Group C
2016,2,84.24358071384664,172.58924741848514,2,Police,Group B
2012,9,31.731379260270803,162.89873853483152,31,Government,Group B
2020,11,38.28787640742998,159.4033631953976,42,Military,Unknown
2014,3,54.37038390409061,103.13539324262416,43,Government,Group C
2012,5,71.83828154570399,156.01360411944336,31,Military,Unknown
2001,11,82.42360719942188,36.76146683410603,50,Police,Group B
2017,12,13.436413842720055,61.65274090204823,3,Police,Group B
2017,7,84.88021167865773,177.91994411430719,38,Military,Group A
2021,12,48.30457428110268,17.229910186957945,31,Government,Group B
2013,1,25.77309301324213,66.56970654609118,28,Government,Group B
2021,11,52.20047419532785,150.1148326642629,26,Civilian,Group C
2009,8,14.558508060623032,33.1624866367002,11,Government,Group A
2012,7,71.13280832417007,75.10445363260841,7,Military,Group A
2009,6,75.6507759453283,28.587613706302907,35,Police,Group B
2005,4,36.54515444542553,86.10600168265024,48,Government,Group C
2016,5,43.52446173691194,56.45561034742896,29,Civilian,Group A
2011,6,56.121691907262715,155.08774918768708,13,Government,Group A
2018,3,22.361112924850108,106.8363808543846,45,Civilian,Group B
2002,7,33.5634939697974,54.114759052996995,15,Civilian,Group B
2004,1,61.76949742040501,35.741028214145175,11,Government,Unknown
2003,10,9.77986059692489,178.07096297596306,38,Government,Unknown
2002,4,7.826934011525383,18.07117639731022,27,Police,Unknown
2020,11,42.415983599557926,113.97951680528176,39,Civilian,Group B
2004,12,24.74916196083334,69.30972501446298,22,Government,Group B
2014,4,35.61262743220481,178.7239100240636,8,Government,Group C
2019,8,89.44462569823092,88.66799066103997,21,Military,Group C
2003,4,63.16843097085661,96.27843561252135,14,Government,Group C
2017,7,71.93049332217335,2.562562390842993,1,Police,Group C
2015,3,10.456278651020721,170.8091292770705,47,Police,Group C
2002,12,34.76550991903775,110.84664145402195,25,Military,Group A
2021,4,79.89360262761743,62.506202634106074,7,Government,Group C
2000,1,70.67396046039798,85.7448252244658,34,Civilian,Group C
2018,4,27.50430348325982,7.3599197846213364,23,Police,Unknown
2006,10,13.97609646311289,37.71670313263999,24,Government,Unknown
2003,6,23.82725010041054,32.791530710371084,15,Police,Group A
2008,10,33.68248482309347,148.5106350657606,33,Civilian,Unknown
2022,3,59.18731038865044,93.10229146226162,21,Civilian,Group C
2006,5,13.115235335954452,56.732964568582126,36,Police,Group C
2018,11,79.3021677563703,133.7369804626969,18,Military,Unknown
2016,5,64.89454136904372,15.439561553875645,8,Government,Group B
2000,4,31.74452794164661,129.37438026812575,3,Military,Unknown
2008,8,53.12717178892456,59.11218183705114,6,Civilian,Group A
2004,6,20.1129085362554,75.07513307937722,11,Military,Unknown
2004,2,48.65623416690231,99.2027180555325,3,Government,Group B
2008,6,45.34388875918427,125.99781528071182,5,Government,Group A
2021,7,68.53106199463635,111.57467830330225,6,Police,Group C
2011,8,66.01142416542068,169.59149571411828,19,Government,Group B
2004,9,86.60340027328708,153.88112033232798,49,Government,Group B
2011,10,31.049046978452218,141.4216583456854,48,Government,Group B
2010,3,60.24014136083543,49.472400588685204,17,Police,Group A
2022,2,49.04750071731328,75.29213913201056,5,Government,Group A
2008,11,77.9658190863695,64.19544896422387,48,Civilian,Group C
2020,9,65.78690577951743,154.1051167894933,46,Military,Group A
2021,5,11.233301777578804,39.97618385978891,19,Government,Group A
2004,9,1.494130837073011,150.06619759923487,36,Police,Group B
2003,4,64.37758823601385,84.60338763427963,10,Civilian,Group A
2009,8,89.06086871484072,134.72005381312434,15,Police,Group B
2015,11,9.79421262055142,61.355507470891,17,Government,Group C
2005,4,49.23173892085337,49.96231069063773,5,Military,Group B
2010,12,61.25672004972229,126.149826425226,46,Government,Group A
2005,11,80.650141591663,145.19593537007668,15,Government,Group A
2011,9,40.74111481775667,174.79457056535205,13,Police,Group A
2011,11,7.635814350844736,129.66865838923974,28,Civilian,Group C
2012,6,0.07846992082543358,3.2597088116504813,9,Government,Group B
2017,8,66.00642673124672,97.81369288808799,39,Police,Group B
2015,7,2.2497796946847815,121.68566929824362,19,Military,Unknown
2005,8,86.45752412429391,21.313898905168838,2,Police,Group A
2012,10,47.514617002925135,130.42356829544482,31,Military,Group C
2000,4,75.0285014285248,101.89174245494644,36,Military,Group C
2010,2,72.89802603690345,21.648277005520296,36,Police,Group B
2000,2,10.19965525995014,58.00381520893667,7,Military,Group A
2020,1,17.71871684652249,56.577113086829144,31,Civilian,Group B
2001,12,67.75144511445782,81.08935613814208,27,Government,Group A
2022,10,23.26113484323119,30.559302395233193,6,Civilian,Unknown
2005,11,73.35927155652563,116.87811852137652,18,Military,Group B
2007,2,29.268313394254882,20.844761971200878,4,Police,Unknown
2002,9,58.90160909727696,135.1358318519375,2,Government,Group A
2003,12,31.457612582333724,132.3024220097017,39,Police,Group A
2001,5,54.25858490667166,158.57448286966294,26,Civilian,Group B
2018,8,89.1036227457666,143.12204967970519,1,Government,Group B
2005,2,69.04880264159252,61.701350382111784,32,Government,Group C
2015,3,11.42781613611561,152.2631516775237,45,Police,Unknown
2009,2,5.616582847126054,12.377442659614992,14,Military,Group B
2010,12,66.71301864961634,63.748126436817415,47,Police,Group C
2021,7,21.53863930226601,82.19217190839093,42,Police,Unknown
2008,10,13.416533569081949,17.290256449263307,4,Government,Group A
2003,12,82.45762594447078,67.66069007341953,20,Government,Group C
2002,11,88.02357881562763,136.64841741549188,22,Civilian,Group C
2017,11,80.89353160069597,137.74101161476855,10,Police,Group C
2011,1,9.601262784198969,17.416355908702297,18,Military,Group B
2010,8,79.8826346550036,122.49373842402238,23,Police,Group C
2000,11,3.059315981187222,134.00880132809988,18,Military,Unknown
2002,9,18.698048441087035,166.78461853920402,36,Civilian,Group C
2001,10,8.707633090695165,43.45561272286488,31,Government,Group C
2021,1,21.808710531964767,100.78394704865916,45,Civilian,Group A
2018,6,16.882531562370318,82.9224168811697,13,Police,Group B
2020,3,56.36231660937162,90.67680844954103,29,Government,Group C
2018,1,49.95726685577373,60.60340105887325,46,Government,Group C
2000,12,85.9214297936311,121.11353462493742,13,Police,Group C
2006,1,77.11177422007698,155.9875946154419,16,Police,Unknown
2003,2,28.369225496147603,172.55477340149196,17,Government,Group C
2007,4,89.23804193567149,113.4458133335196,12,Civilian,Unknown
2009,4,47.737656528029845,19.067819240370113,21,Military,Group C
2004,2,87.61466055013695,8.257319780200296,24,Military,Group B
2016,3,86.72667351059795,10.287341026346468,31,Military,Group C
2020,5,63.799672886697714,145.69035394375805,30,Military,Group A
2011,2,1.8161690267731245,77.78166718944334,36,Police,Group C
2009,3,85.22649950366056,80.60176138292152,31,Police,Group A
2019,8,12.42709246695473,56.9165034741055,49,Government,Unknown
2007,2,50.152042687125274,118.89112571283212,31,Civilian,Group A
2012,10,52.205607861419665,85.94834130028427,34,Military,Unknown
2005,5,35.38373273656425,54.70436825297981,19,Government,Unknown
2011,2,9.380169247527853,175.81737804895116,10,Military,Unknown
2004,12,36.20677417619836,53.88316798871688,2,Government,Group B
2004,4,18.322824886885734,54.81550365889428,37,Police,Group A
2016,10,28.359651235421893,153.22049983349524,5,Police,Unknown
2015,12,86.38341672430683,120.53134977594446,20,Civilian,Group A
2009,5,48.43603620213638,64.50750611801466,15,Military,Group B
2007,1,17.03952535058602,114.88964165856257,44,Civilian,Group C
2016,4,65.05557973132436,48.26082413050923,2,Military,Group A
2020,9,1.0612428350249647,60.56682340520727,3,Civilian,Group B
2003,6,77.83799512747942,132.19340922308908,14,Civilian,Group A
2019,12,3.498874777129608,166.64507495938975,47,Civilian,Group B
2018,6,20.195610119254127,89.72130365171138,19,Government,Group B
2003,8,56.347345787842315,19.147895173261954,36,Civilian,Group B
2012,11,72.50599059006615,159.2645011848383,6,Police,Group C
2005,3,10.733910510565604,45.020490633368844,2,Civilian,Group C
2008,2,47.922317872844566,76.07011823966933,32,Military,Group A
2007,4,83.73705746978405,11.874168065687698,30,Government,Group C
2017,3,41.625829605352486,153.70304724867788,35,Civilian,Group C
2022,3,83.0934300619285,179.28972174325105,49,Government,Group B
2019,2,56.11097190089832,23.883510637056705,47,Police,Group C
2021,8,55.64206331323504,93.9890300546073,29,Government,Group B
2011,10,74.63459845474199,36.58370164173844,28,Civilian,Group B
2018,12,9.34162287568922,45.549102398013666,3,Military,Group C
2018,2,33.159468660308754,39.592365901372006,14,Military,Group C
2010,10,19.279800195960057,163.20399547356496,37,Police,Group A
2009,8,80.18470678430945,32.26161266383048,43,Police,Group A
2005,9,36.06066791518674,74.98227263382165,21,Police,Group B
2010,3,63.50946491237447,39.776402932381906,23,Civilian,Group C
2007,6,29.37574115918489,157.67300437593042,32,Civilian,Group B
2019,4,42.78121389008099,37.87604856273059,37,Government,Unknown
2019,11,46.48379997930048,162.956321822434,25,Military,Group A
2020,2,6.172234538167004,156.66990825932677,31,Military,Unknown
2019,5,63.93533861157796,175.6323442409694,0,Civilian,Group A
2018,12,71.27247995015091,179.4991193051261,39,Military,Group A
2002,2,23.64819031283196,20.92245668558804,34,Civilian,Unknown
2013,1,22.455015703041983,162.05457645319376,40,Civilian,Group A
2003,8,34.47431607390369,84.5440411438807,37,Military,Group A
2011,12,9.781053333976054,125.68325804607935,16,Military,Group C
2008,12,80.75874138130044,28.170322484063806,12,Civilian,Group B
2007,2,23.21182030645902,97.58169121080493,11,Military,Unknown
2001,12,18.943297951069894,124.81352033958049,9,Government,Group A
2014,5,25.052637295609767,65.23994761308003,50,Police,Unknown
2020,5,70.50403297734961,116.48019715536692,0,Government,Group C
2020,3,30.5775084291727,56.56000731248013,22,Civilian,Unknown
2002,1,70.27833983822929,102.79302806143329,42,Military,Group B
2005,2,60.91602511056541,97.32664001200355,20,Military,Group A
2017,10,25.785724746170725,143.17017527529063,10,Government,Group C
2016,11,0.14879139617483328,166.03112057481601,33,Civilian,Group B
2005,10,74.70453734577899,86.48973450879956,18,Government,Group A
2014,11,46.64949774372468,41.39559785074092,13,Police,Unknown
2003,12,23.353121338142536,172.54021129199407,25,Police,Group B
2008,8,82.61697789260337,41.025196010725686,45,Civilian,Group A
2020,2,64.18124940847436,132.99533248507203,23,Government,Group B
2004,4,35.74960034173519,160.40657713460763,26,Police,Group B
2006,5,12.855279486529472,124.60470334806571,47,Civilian,Unknown
2022,3,10.310370726448017,42.47357650714773,49,Government,Group A
2020,6,29.76296947337495,73.26381902211553,15,Military,Group B
2016,2,69.20979872025084,56.2317641629207,22,Military,Group A
2001,10,73.91725682736035,0.4138623567373667,46,Civilian,Group B
2013,8,23.88954191599222,140.84155766860806,43,Police,Group B
2021,1,85.16350371526326,126.5050566305942,9,Police,Unknown
2007,7,74.9029624896184,42.02554928672166,30,Civilian,Group C
2011,8,80.60805858184496,63.53507253243714,36,Government,Group C
2022,5,40.51718173799976,52.77963469306795,38,Government,Group A
2000,10,52.57935569339572,54.2238575457483,21,Military,Group A
2011,1,88.24367244817701,128.30632744691778,48,Government,Group C
2002,12,54.26650707960615,162.02353363641586,5,Police,Group B
2022,10,20.45975366660942,4.86531858193379,1,Civilian,Group A
2006,8,46.82638438601303,41.16058695125962,6,Police,Unknown
2003,4,52.91495298176895,105.26448360760689,8,Military,Group B
2000,9,71.58470768951021,113.10848501103415,28,Military,Group C
2003,12,81.63196744853771,30.58845430297073,20,Police,Group C
2014,12,15.226360701563927,113.41601752621453,45,Government,Group A
2015,1,5.297773520216669,80.04308492884239,34,Civilian,Group C
2020,12,3.495870799550802,152.94818441403385,4,Police,Group B
2005,6,68.01433313868029,132.79418144445245,13,Military,Group A
2011,3,39.82714906968652,33.90426583354259,33,Police,Unknown
2002,3,12.889365334616915,87.78286114119418,46,Government,Group A
2006,8,24.03637169703632,16.29825311363189,21,Civilian,Group B
2009,3,57.85661850045175,8.881663901706098,13,Civilian,Group B
2010,2,66.63070769731353,167.54103760165006,47,Police,Group A
2012,6,82.8645136795125,151.27845581654532,17,Government,Group B
2019,11,80.753581067845,0.3563272383034888,29,Military,Group B
2016,3,77.65396309780351,116.6688148919936,47,Civilian,Group B
2009,1,5.940732792001324,91.41277778009669,14,Government,Unknown
2005,9,12.622701312797052,177.3333140950164,17,Government,Unknown
2002,10,14.265506485191585,123.77305592685542,6,Civilian,Unknown
2021,7,73.62322589165561,45.02529762802277,18,Civilian,Group C
2015,8,15.15427747388044,81.8502157000592,44,Police,Group C
2009,2,18.95828357343826,124.83104991058006,27,Government,Group C
2007,5,72.33171878867847,97.55887705503437,6,Military,Group C
2020,1,88.24452231114252,146.64533924631016,15,Government,Group C
2010,7,9.252648701995112,166.9531574633484,31,Military,Group C
2019,6,4.8733027347293945,43.5694146688766,7,Police,Group B
2017,5,66.14966240835412,121.73136033608566,0,Civilian,Group B
2009,12,82.11114493809788,33.16392168698772,22,Civilian,Unknown
2020,1,72.77278883548635,104.78122351946318,29,Government,Group B
2014,7,62.94164261925344,154.6285612434777,9,Government,Group A
2010,2,53.876447731383166,4.040476138970279,33,Police,Unknown
2009,2,76.08280687336108,176.78312260243828,9,Government,Group A
2002,8,53.795332077369096,92.31808809990152,37,Military,Unknown
2015,7,25.440569357525362,146.38081343157964,24,Military,Unknown
2018,7,68.37639778398554,166.8651550013664,15,Civilian,Group A
2016,2,56.00880072161479,5.483210192778731,34,Government,Group C
2013,6,73.44606883232278,173.54633286805537,22,Civilian,Group C
2013,4,49.184247353522764,136.9497845689287,23,Police,Unknown
2008,5,27.89847937517053,26.800357363229,38,Government,Group C
2018,5,66.8787414230595,109.487018072605,10,Military,Unknown
2019,11,20.24350411365555,4.018326068848985,21,Government,Group B
2014,7,61.666915632841445,69.85138806065106,31,Civilian,Group B
2018,9,27.675380850739895,16.484220097258515,16,Civilian,Group A
2007,6,59.6672848720229,138.76594618945364,7,Civilian,Group B
2016,6,59.25272703355965,96.64275973281443,21,Military,Group A
2001,2,89.104225536987,131.66244730876682,5,Civilian,Group B
2021,5,32.656047140683796,168.24894894715163,24,Government,Group A
2012,6,85.26470950703417,39.188721692357646,44,Government,Unknown
2011,7,74.71478286936085,107.3292375630557,25,Civilian,Unknown
2004,4,86.33029578336391,60.73348626989948,25,Civilian,Unknown
2022,2,2.108777411460637,94.56947845348043,46,Police,Group B
2005,10,4.611213527608916,142.43570071028455,25,Police,Group A
2014,2,66.24440605471756,29.595612025604016,9,Military,Group B
2018,12,52.42443925850412,86.65698695114095,11,Military,Group C
2011,3,37.66237984479271,142.87971471388911,50,Military,Group A
2017,1,6.595793264130353,173.68702292720891,7,Civilian,Group B
2003,6,25.82770975677265,94.73228436417017,36,Civilian,Group B
2004,8,0.21906358678040694,50.92555189762535,25,Government,Group A
2015,11,60.54445677915713,62.3506268574512,14,Civilian,Unknown
2009,3,23.572973767862123,75.09792325571023,33,Government,Unknown
2007,12,21.184140306433644,104.45100539424453,7,Military,Unknown
2004,2,21.78318725539522,109.26059496583733,34,Military,Group B
2013,3,19.240914164890892,62.60706433541254,10,Military,Unknown
2018,9,13.647423765311487,159.8180959082067,35,Government,Group A
2004,12,69.55972192759911,108.42578665933925,45,Civilian,Group C
2017,10,42.15550965110176,5.222378851289737,19,Civilian,Unknown
2005,2,84.6596133780813,66.08242477875751,3,Government,Group A
2010,11,29.057759828209893,7.494850803922548,33,Civilian,Group B
2014,6,50.92870175046291,3.49433063727165,14,Police,Unknown
2011,7,41.27917001304281,121.4160183375211,49,Government,Group C
2012,7,52.965792955359404,54.19122271939503,47,Military,Group B
2012,11,30.93672854928576,177.47869520055406,35,Civilian,Group A
2020,9,53.418539887866935,86.132867365227,50,Police,Group B
2007,4,51.48092189014187,172.38030386606408,4,Government,Group A
2011,10,78.65149539074126,153.62489399840732,12,Police,Group A
2013,4,79.96635267591647,165.40276066264957,7,Police,Group B
2005,10,73.50250018301634,54.24919125391836,46,Civilian,Group A
2001,4,56.025184280656816,43.17418696722691,45,Police,Group C
2011,7,56.559588500352966,31.370845169887453,8,Military,Group C
2003,8,85.16582388787243,49.65287207109566,46,Military,Group A
2019,6,63.85803467879565,177.51031700900637,27,Civilian,Group B
2019,11,25.205810871431627,144.33837053560293,10,Police,Group A
2020,7,73.80251946864561,134.82021023753063,34,Civilian,Group C
2016,9,51.49090188454394,173.09620625056453,26,Police,Group C
2018,11,44.81923739497111,168.7621558241486,48,Civilian,Group A
2005,10,27.15139116348388,72.29225783472023,37,Military,Group C
2006,10,76.76718929475545,147.07263460481875,42,Government,Group B
2017,6,67.29060574688614,98.86978525209534,15,Police,Group B
2014,6,39.36242874959648,156.18963504428348,0,Police,Group B
2012,6,87.83813309114055,1.465413865805032,30,Civilian,Group C
2014,3,9.73282799615037,15.774284948567862,41,Government,Group B
2001,9,28.816792354969188,167.37758584388345,22,Civilian,Unknown
2019,2,69.4573451442892,86.76339343651539,19,Police,Group A
2011,2,34.22664691768442,2.2447914203599995,28,Military,Group A
2009,11,82.31298879566316,124.04149742824065,47,Military,Unknown
2008,6,77.54827868488175,144.58021507940097,41,Civilian,Group C
2014,8,86.40728950801511,28.74209135669927,25,Police,Group A
2019,2,80.90405114297602,103.94620470811603,15,Government,Unknown
2003,2,89.80070620837489,49.00817516904171,32,Military,Group C
2020,7,37.17469138678972,97.51421881600214,27,Police,Group B
2019,12,89.36978039649895,152.30388268746404,22,Police,Group A
2001,5,74.49759445278661,22.850806024832732,3,Military,Group A
2019,7,12.98798805995941,45.15850200557728,12,Military,Group A
2021,1,82.8571426285804,76.34681334589713,38,Police,Group C
2019,9,26.362889735654733,60.12774257886146,14,Government,Group B
2018,4,24.415036554668077,91.55313448129598,39,Civilian,Group B
2004,1,40.78951837913381,6.277670193468037,10,Civilian,Unknown
2020,10,89.64336467323949,57.229913873143936,12,Civilian,Unknown
2009,11,33.348546611411095,121.41677206802323,23,Police,Group B
2004,11,65.09039273858043,88.8435602330954,24,Government,Group C
2002,8,72.26090534635826,81.22599467625142,9,Civilian,Group C
2009,3,67.876558611381,22.06889706887265,0,Police,Unknown
2001,7,0.7815003614332272,95.3030961688732,7,Police,Group B
2015,3,12.04009342920857,159.1657622300963,1,Military,Group B
2013,12,36.505518964657064,29.94369719696498,0,Civilian,Group C
2016,12,64.27421916027335,164.40367105470585,50,Military,Unknown
2019,11,18.74178875222217,164.6093343819485,28,Police,Group B
2022,10,60.73044217467849,62.12239802319868,19,Police,Group B
2014,2,3.535399723004393,123.46144576574466,45,Police,Group C
2002,1,25.322182427580493,35.5987127740748,1,Government,Group A
2000,10,24.490936734536724,14.663983325569488,28,Government,Group A
2005,2,3.782980422108345,137.3272072165972,16,Civilian,Group A
2015,4,30.47858911838647,105.04326257741218,14,Civilian,Group A
2015,12,78.83828996019726,105.50304388840335,43,Government,Group A
2020,12,17.646006446903677,65.06002327289477,43,Civilian,Group A
2000,8,13.255386618185792,120.99454504183605,18,Police,Group A
2012,11,86.45025414845927,59.824309855737,0,Government,Group B
2002,4,71.91047047486464,123.36773232152399,22,Police,Group B
2008,8,32.3399679810259,111.1667376298205,4,Government,Group B
2005,6,2.8423594181803913,38.84574369509107,14,Government,Unknown
2005,6,35.78683684756718,5.682874207621906,6,Military,Group C
2001,4,64.64434128974415,59.86274065581186,4,Government,Group B
2004,5,9.984806778946858,167.12861725842168,30,Military,Group A
2002,9,30.758740569803344,36.23325622841298,50,Police,Group C
2011,3,86.79821757043335,120.24397474315204,19,Civilian,Unknown
2001,6,9.66069584505682,115.12938243458584,2,Military,Group B
2014,4,37.151432261813625,57.27652910408509,30,Government,Group A
2013,6,51.15574799298796,119.28346789977364,31,Military,Group A
2022,5,7.9292943857780305,178.39416058508195,11,Police,Group B
2011,10,34.46268659693755,51.039536295547165,2,Civilian,Unknown
2001,10,14.051616870259169,68.73007775732266,22,Military,Group B
2007,5,9.917355930495217,89.0524996464222,37,Police,Group B
2009,8,40.106411123824984,37.88813410152923,37,Police,Group B
2003,1,62.46797391224698,150.2144759321142,7,Military,Group B
2008,1,89.88832441582488,87.44742560924627,13,Police,Group C
2016,11,71.94202210334758,106.65289922288605,28,Civilian,Group B
2007,7,35.59431454087397,169.6658040647009,5,Military,Group B
2020,3,33.51647746697695,67.81460606806522,8,Civilian,Group A
2018,2,52.54609972657573,77.12561312857676,25,Civilian,Group A
2018,11,43.88798269760975,87.74904899104348,3,Police,Unknown
2001,3,62.17407571746504,169.89193255962127,45,Civilian,Unknown
2002,9,64.18430833711204,107.73657444120045,34,Military,Group C
2010,3,60.94360203354293,101.81775418314584,20,Military,Group A
2011,10,11.156370845700073,105.97626521196334,27,Police,Unknown
2011,12,77.30585964012717,162.61976038825145,23,Police,Group A
2022,2,11.290165895345654,117.13845975958277,23,Military,Group C
2016,11,16.60168675343658,158.49956286430083,6,Police,Group C
2019,5,47.94351736507654,60.22301048341824,17,Military,Group B
2022,6,29.803254182182624,24.428224418485737,47,Government,Group B
2009,9,43.87025355607753,169.064333381401,3,Government,Group B
2019,9,50.68824664488129,117.72106426669257,11,Police,Unknown
2018,12,81.6312307039862,151.50610490531872,28,Civilian,Group A
2010,11,45.55096321639592,166.84385523301117,33,Government,Group B
2010,6,70.89450432656055,41.568273945423726,1,Military,Group C
2010,5,80.03932563315209,45.42218015235676,13,Military,Group B
2001,10,80.46586225420187,52.90345213674358,18,Police,Unknown
2015,5,48.54989060210136,152.52588349819789,25,Police,Group C
2019,3,19.385490344146195,82.02445535763303,24,Government,Unknown
2010,2,34.55119846096863,64.26812620514868,22,Military,Group A
2004,10,0.4843244425054749,49.47159142803392,50,Civilian,Unknown
2002,9,31.511677470100537,99.55577474017271,23,Military,Group C
2022,6,34.3700341140018,159.3586849588388,10,Military,Unknown
2012,10,73.94022212013894,156.23954698576742,26,Government,Group B
2019,2,24.446195539030196,99.9015269479185,6,Civilian,Group C
2010,11,16.05965695763579,34.04849109718002,32,Police,Unknown
2005,4,66.67107124549736,150.44237845732243,30,Military,Group A
2009,7,48.2745457925393,90.94111953626961,44,Government,Group A
2014,9,62.88362407880248,45.97425101933211,48,Police,Group A
2016,6,9.900386766490794,142.20816370158056,36,Government,Group C
2009,3,87.41142448666999,62.7728172009658,12,Government,Unknown
2006,1,5.190406911573034,1.4830836225667943,11,Civilian,Group B
2006,10,0.00011206510901251576,81.91601120799787,5,Government,Unknown
2011,1,66.16063126042522,145.5117742335209,22,Military,Group A
2015,3,18.141256825232222,12.80520873716161,3,Civilian,Group A
2013,4,50.91315701716043,161.90285157712708,20,Military,Group B
2014,9,64.62646949507788,111.81489100689592,24,Government,Group B
2020,5,56.329364743092654,108.16736152861364,40,Civilian,Unknown
2018,5,17.67536673580483,68.47845979117093,6,Military,Unknown
2011,2,65.82728236110722,70.58924281869726,38,Civilian,Group C
2002,7,38.13480979374832,34.69588035066574,37,Military,Unknown
2021,9,6.294684833378982,17.31361002109397,3,Civilian,Group B
2005,12,13.431663235660151,38.469206380095834,34,Military,Group A
2006,8,25.66734013881329,160.19325105684658,30,Police,Group A
2015,6,51.75514489371897,54.61944206065896,34,Government,Group C
2015,9,33.81591433823966,132.81636156207313,6,Civilian,Unknown
2022,4,77.53666799397644,43.11391040277513,32,Military,Group B
2016,1,12.75820423221109,124.63275907091197,34,Police,Group C
2019,6,2.350732485610564,20.358075987365176,11,Government,Group A
2018,10,26.240883880859375,4.510940941766213,44,Police,Unknown
2008,2,45.73121995989894,123.29299414877708,13,Government,Unknown
2009,7,16.64413494237821,147.53671776533704,44,Civilian,Group A
2004,9,10.000564827553024,176.11490461130066,43,Police,Unknown
2018,2,63.47971172218192,113.72021759444259,28,Civilian,Group A
2001,8,89.13682779577992,83.23971075614025,41,Military,Group B
2021,6,61.575702195990736,137.23732410733808,30,Military,Unknown
2020,7,21.734609485328864,148.47636730967184,44,Civilian,Unknown
2012,3,79.13311462184842,150.31901998226718,31,Military,Group A
2000,6,55.90314066591658,120.4007889301213,15,Civilian,Group C
2014,9,1.8992556204468103,65.39142701257583,5,Civilian,Group A
2012,5,42.387163505530516,77.8666993651256,6,Civilian,Group A
2013,9,2.9328814671741354,138.03126571499936,49,Government,Group A
2003,5,7.806020290825609,81.71347935366792,16,Military,Group B
2012,11,78.46793781145794,124.19177534538389,27,Civilian,Group B
2013,7,70.47387212864516,101.61953733586634,8,Police,Unknown
2020,10,17.731969027213815,13.130790929615268,33,Police,Group A
2013,12,87.46102909366743,68.63516127053403,12,Civilian,Unknown
2007,2,63.841975009687275,45.311544791679985,25,Military,Unknown
2008,2,80.51923984908407,143.54468527124658,50,Police,Group A
2017,8,58.277422723114576,72.65204426393555,47,Police,Group B
2001,7,45.53835845112123,61.31630864932845,28,Government,Group A
2021,2,43.81852406436751,97.31661670532286,39,Police,Group B
2002,8,11.92842471686877,41.430384219734805,21,Government,Group A
2009,8,25.057864004878965,152.28325563087122,41,Civilian,Group A
2005,10,80.24681375750644,17.897107657723758,2,Police,Group A
2004,4,34.24971360823053,73.6191553949676,43,Civilian,Unknown
2007,6,64.84292014869344,95.6473568721526,25,Police,Group C
2018,6,51.04124987569945,18.26769175092203,46,Military,Group A
2019,12,28.632080396508673,111.87493948517829,21,Civilian,Group A
2020,7,36.435361043285994,28.214957435138874,18,Civilian,Group C
2009,5,53.320805409320194,74.62655002928254,4,Government,Group C
2014,9,80.04681599022656,92.34058986295284,39,Police,Group C
2009,10,80.01392124691095,52.58683879854134,18,Police,Group B
2002,9,88.16934175411167,141.84355282166834,18,Civilian,Group A
2007,2,23.556894526220418,133.6427945965347,46,Military,Group A
2012,9,64.15459849257842,13.471604445269778,7,Government,Group B
2020,2,21.59977899829876,171.50270548812762,21,Government,Group B
2001,9,76.0337299853694,53.96585114443911,18,Police,Group A
2003,7,50.38243269690396,87.61970111722367,24,Military,Group B
2018,10,24.174451269568237,165.8765078363867,26,Military,Group A
2015,2,57.13072051371059,21.016632153366984,20,Military,Unknown
2007,4,79.91950733289168,17.128060840049436,25,Government,Group B
2004,12,20.63131574132522,121.21045089343149,49,Civilian,Unknown
2014,2,15.507108557822342,48.207686176477324,15,Police,Group B
2005,12,70.07939328847469,51.86853047195415,39,Police,Group C
2014,5,63.83550640451571,103.44577241799712,6,Military,Unknown
2017,10,81.57866095500496,76.15938690726554,27,Military,Group A
2018,6,56.57467317457024,116.08703325260048,12,Civilian,Group C
2008,4,85.12793069710155,113.82001354061585,8,Government,Unknown
2002,7,83.70988949770747,74.61876310536007,17,Civilian,Unknown
2004,11,47.823505566284005,151.02350246636948,36,Military,Unknown
2018,4,56.55896032581351,178.86474572173736,38,Government,Unknown
2016,2,29.90527873880034,45.64474998279141,3,Civilian,Group C
2004,1,69.3843936960808,2.659599205069416,33,Civilian,Group C
2005,1,22.829939643650995,170.07827261510823,25,Military,Group C
2003,3,49.38946398215701,18.175684753143152,7,Military,Group A
2001,12,52.95716083224811,47.579129003778206,46,Civilian,Group B
2003,8,66.3056666787793,76.10264790883839,16,Government,Group B
2020,4,14.197072393880022,70.56450835386816,16,Police,Unknown
2020,4,51.50282162254323,98.31430776941848,0,Police,Group A
2000,8,8.111404644111317,9.45889737358609,41,Civilian,Group A
2004,11,3.966298281705268,24.848163670615236,16,Police,Unknown
2022,5,3.3353613676244196,151.5603302191923,0,Military,Group A
2008,5,68.59443404813794,119.60370221436072,25,Military,Group B
2020,4,70.93421825940905,2.5508716203463777,34,Military,Group A
2013,6,45.675880234175345,57.72276567976676,20,Civilian,Group B
2004,10,67.69339593609486,144.21263870605497,45,Police,Group A
2015,12,59.678497610973025,54.3782946981095,21,Government,Group A
2008,3,83.24750224201003,114.58296392913408,5,Police,Group C
2021,10,11.120415468309314,100.34997010577611,43,Civilian,Group A
2002,5,34.13486440602789,115.01206255954914,43,Government,Group A
2003,10,36.79845176999451,135.3516144535845,4,Government,Group C
2009,3,18.273189525400518,77.8159620893583,10,Military,Group C
2014,8,88.4848737414466,122.30729348984256,4,Military,Group B
2012,9,66.81017573493546,89.61786356843409,24,Police,Group A
2016,1,24.390520408512476,51.86783523752533,30,Police,Unknown
2002,6,51.338077766859485,33.12529752954187,44,Police,Group A
2009,5,79.18368572638094,5.587403910004294,38,Government,Group A
2002,4,75.46460457191012,26.38512015893014,24,Military,Unknown
2022,10,53.14037774882739,90.77373495124976,11,Civilian,Group C
2017,12,48.05379319207556,45.76855493701318,43,Government,Group C
2014,7,77.06097051570073,165.66910416405074,48,Military,Group C
2014,2,72.51262922630669,49.062851451463146,24,Civilian,Unknown
2022,5,0.5535022506273535,91.74701913705219,2,Civilian,Group B
2011,7,73.90973259318562,91.3071803909837,3,Military,Group C
2012,4,41.205743334784344,84.93793216488807,14,Government,Unknown
2016,8,49.63325661043626,161.29774585124645,43,Civilian,Group A
2007,5,67.05906556044063,16.197292744676194,27,Civilian,Group C
2018,7,55.11746210716812,79.75046544462246,31,Military,Group C
2004,1,47.656647337838876,120.11572676944391,0,Police,Unknown
2003,3,5.265484795311405,133.35782823274621,35,Military,Group C
2020,1,89.06294932428946,67.01695489162665,23,Government,Group C
2004,7,4.849853374420022,53.72447823176551,3,Police,Unknown
2001,3,63.138060954692236,6.967680915771666,24,Military,Group B
2022,1,79.56315072786325,177.3604415620819,36,Civilian,Unknown
2017,3,17.754501430079852,27.470171036927205,30,Police,Unknown
2001,10,89.08803594039388,50.006722638183376,13,Civilian,Unknown
2016,10,20.063099354364237,56.313609406829634,49,Military,Group A
2005,1,19.982693909659314,97.09810307174192,24,Military,Group C
2002,1,18.529453480373576,37.885029472907384,24,Civilian,Group B
2000,5,11.554763838732757,76.4923895985472,29,Government,Unknown
2007,2,78.82295049777163,156.25736810746585,13,Government,Group A
2003,9,59.95210674025381,46.72662937019779,20,Military,Group B
2013,7,31.714306660134127,119.47420627574965,14,Police,Group C
2005,8,85.60906236094556,103.56267867530715,44,Government,Group A
2012,5,89.74795995578114,34.33589426292047,1,Civilian,Unknown
2015,6,29.779253575919917,32.52431157113138,47,Civilian,Group C
2000,8,33.606699293791706,29.152785765858592,45,Police,Unknown
2017,12,52.841106256076614,122.50586688502152,15,Government,Group A
2021,8,1.346117685046433,93.30837637039303,19,Government,Group A
2015,9,47.389369613246075,8.897275236114453,22,Government,Group C
2022,3,49.38328003738082,17.269636341390605,29,Civilian,Group C
2008,8,47.5985377716804,59.920047569484495,46,Police,Unknown
2020,8,75.86923124792989,17.342370744960512,43,Civilian,Group C
2022,1,28.581449680263876,38.658021957438606,32,Military,Group A
2019,3,86.77457349496463,107.89864711277083,16,Government,Group B
2019,8,17.101163838924858,31.051514150042745,50,Military,Group C
2020,6,15.642505718211883,18.624572770550596,41,Government,Group B
2009,3,13.043801424670843,65.4163869628159,39,Military,Group A
2020,12,16.8430344026348,26.754612244438597,35,Police,Unknown
2005,5,20.019677339436672,73.41103183564802,44,Government,Group A
2006,6,16.647686474480857,167.93015022354226,21,Government,Group C
2022,12,74.27750783159323,33.574776315939395,38,Military,Group A
2005,4,21.153179373310593,75.12390685029716,6,Government,Group C
2009,8,32.128355821566075,137.37504621829538,3,Government,Group A
2004,9,52.95213336178642,100.45041766961465,41,Police,Group C
2013,7,47.14430295568142,31.003730023396045,15,Government,Group C
2010,10,83.6590496615728,59.263864999959694,40,Military,Group A
2020,7,57.16987432468244,98.97544369045444,40,Military,Group A
2020,9,53.461373136495546,13.171570072580936,15,Government,Group C
2012,10,9.300292350558317,44.678753593046196,27,Military,Group A
2002,12,76.18214944258466,31.149653784851843,46,Police,Unknown
2010,4,66.31561726678932,111.14706730713831,2,Military,Group A
2004,2,1.3100413809354772,74.81817276720878,20,Military,Group B
2006,5,39.40611115722857,65.18843203616463,10,Police,Group C
2013,8,8.79813447743566,164.64605233288285,17,Police,Group B
2004,6,18.669706429719284,172.89825793535132,11,Police,Unknown
2014,3,52.80771307896605,34.84629464166601,15,Government,Group B
2009,9,30.997690299556115,95.5425855506809,7,Military,Group B
2019,11,80.59975462072084,159.04293038979483,16,Government,Group B
2006,6,7.379204304129984,24.577748247182413,42,Civilian,Group A
2010,12,88.02839706188334,164.57006507054922,26,Civilian,Group A
2018,4,17.59286197399716,148.86496315550673,16,Military,Unknown
2002,3,53.46850914044484,52.45527167678179,11,Civilian,Group C
2013,1,70.97110709157559,123.75254644794181,41,Military,Unknown
2004,6,75.71217555671656,17.584717726632874,48,Government,Group B
2005,10,55.78826227731147,102.91888554098773,27,Military,Unknown
2017,1,4.409485567248167,141.194659452792,29,Civilian,Unknown
2008,6,53.94571517884464,104.17253211528201,22,Civilian,Unknown
2006,4,48.34923449980841,100.90421219161104,29,Civilian,Group C
2007,10,74.54021655188312,19.467500603577484,6,Government,Group B
2003,6,75.2318094906508,71.93279726227884,23,Police,Group A
2005,6,41.46512675670805,125.00859809660491,26,Civilian,Group C
2005,11,76.90453190383444,57.203720252958625,25,Government,Group C
2019,7,58.20467968577977,32.71384450400143,26,Military,Group B
2006,1,29.820985370467923,166.9627644124526,32,Military,Group B
2012,4,54.16844676573132,95.24672760399291,41,Police,Group A
2011,11,49.872918154072856,106.50971501416764,44,Military,Group C
2012,7,81.70666334901348,138.12900130001773,18,Military,Unknown
2009,3,66.84870287875394,92.18576714316941,31,Military,Group A
2003,8,7.298406511260192,105.21157242185974,30,Police,Unknown
2021,7,67.31010910436233,98.29270012569565,21,Civilian,Group B
2002,4,72.34925531691604,98.47229406895083,47,Police,Group C
2011,8,36.084603322108336,63.21178560830958,15,Civilian,Group A
2004,9,67.26439169768061,132.2428165847666,49,Police,Group B
2007,5,7.7478678395072595,103.25422123353346,7,Police,Group A
2004,3,0.5584449941835801,45.69727264056903,32,Civilian,Group B
2005,5,11.460606914639271,113.95591853558062,8,Civilian,Unknown
2013,8,9.149834369151096,58.362945227516065,33,Civilian,Unknown
2004,5,73.47331882841362,107.85800037178498,10,Civilian,Group C
2010,4,55.2530525433829,153.76051220499585,10,Police,Group C
2008,12,2.8731910335553112,93.40046970018224,37,Government,Group C
2012,2,45.308863463840126,76.3396080377862,11,Military,Group C
2011,1,68.00667883919134,60.41534252489016,1,Government,Group B
2003,11,70.83638802515222,146.381341347552,3,Civilian,Group A
2020,3,61.45202797343044,101.05351508938193,42,Civilian,Group B
2015,9,77.17100048043922,13.049009086075568,22,Civilian,Group A
2010,4,19.57681350304017,49.58670801073305,42,Military,Group B
2010,8,38.953667184219626,97.05799888638755,25,Government,Group C
2003,9,84.28449744151415,10.181195439491301,9,Police,Group B
2009,3,40.4131326922797,2.414029756105447,46,Government,Group C
2003,3,84.13840135353108,77.10322609729363,15,Government,Group A
2003,3,59.16510206268143,168.0157505951124,46,Military,Group B
2009,10,88.55510856266463,175.15450460419007,1,Government,Group C
2002,6,88.77430947518762,52.65593257165253,23,Government,Unknown
2021,3,21.186755656292014,94.652390945577,19,Civilian,Group A
2004,10,85.21265734618325,7.418165556025144,12,Government,Group A
2013,2,84.74402011700293,116.7523636309038,3,Civilian,Group B
2017,1,28.800138932168984,34.18378233880258,41,Police,Group A
2021,8,61.99762285033714,86.26054852538897,16,Military,Unknown
2005,4,42.18024214677062,14.323514875497045,15,Civilian,Group A
2012,5,68.59973461748471,134.87372993540984,41,Police,Group B
2000,7,27.84885805736116,123.63977366825927,50,Military,Group B
2010,12,32.904343188057155,47.952060846429546,0,Government,Unknown
2013,8,3.2399536752769253,134.52806159238168,32,Civilian,Group A
2003,9,22.883611757535782,131.09077027600776,0,Government,Group B
2019,3,20.486457700022108,29.928124978871313,22,Military,Group A
2011,9,82.42214183420677,66.48484464675488,42,Military,Group B
2005,1,65.4009788652333,170.896707465798,21,Military,Group B
2004,11,63.68289754425892,117.28328625736815,18,Police,Unknown
2020,6,5.423510699724905,64.08205011446633,30,Military,Group B
2011,7,3.0915277965343835,32.91496497349225,16,Government,Unknown
2002,1,19.947365458749953,47.10299298617716,7,Government,Group A
2011,6,67.48946851505949,157.88020743716297,25,Civilian,Group A
2021,7,64.02130690658998,137.59428397149347,42,Government,Group C
2006,10,79.13141571537267,115.53676035412089,16,Civilian,Unknown
2004,9,10.921668055946924,13.501556008753377,49,Government,Group B
2016,4,62.008208201456576,109.91717840672915,41,Civilian,Unknown
2017,10,5.930271941154455,125.88749458157434,36,Government,Unknown
2021,5,7.334677475597916,52.85105351194147,8,Civilian,Group B
2005,6,55.27600510185711,135.84547041580637,11,Police,Group C
2022,10,34.85389307328107,132.49946736627928,35,Civilian,Group B
2000,4,46.10907311828018,90.1923250844511,49,Police,Group B
2002,7,63.932723115087455,48.28457942790371,45,Civilian,Unknown
2008,8,35.02407208631714,164.2935476813222,43,Police,Unknown
2013,9,25.296258336946718,98.99232892174412,40,Government,Group A
2017,4,16.199828056887586,78.60142674046568,15,Government,Unknown
2002,8,85.44948810857967,156.9340148871313,30,Government,Unknown
2012,4,37.846271335527874,174.9905475846239,3,Police,Group C
2016,11,42.133144754142506,126.86322327933536,27,Civilian,Group B
2005,10,31.36140635767053,54.67520611813172,29,Government,Unknown
2021,3,68.84088886272669,100.29757317087703,8,Military,Group B
2000,4,31.20922307292428,129.9768434985433,45,Police,Group A
2008,3,8.615080668086934,129.79371497389207,19,Civilian,Unknown
2001,1,69.6702128614261,155.2455163479246,27,Police,Group C
2004,12,4.974820631189994,159.60482390465478,19,Civilian,Unknown
2000,3,16.190768298177456,131.75600693346948,32,Military,Unknown
2015,12,15.574178945099328,123.50907359630521,4,Police,Group B
2019,4,11.42895195858136,55.37474154761187,10,Civilian,Group B
2017,8,71.30647836851688,19.926775236878854,8,Civilian,Unknown
2013,3,42.97229295581476,117.3924162872099,15,Police,Group B
2015,10,76.74282618745958,140.97077210888853,3,Police,Unknown
2012,9,15.479617499056845,146.7781496404024,27,Police,Group A
2000,9,48.850854108187676,138.89540977880327,1,Police,Group A
2014,3,85.32589501844579,65.86419127832941,34,Civilian,Group A
2018,6,30.920739406295695,121.43311534673481,46,Civilian,Group C
2003,10,59.817453717842504,24.3635491085313,14,Police,Group B
2002,9,84.25894663711063,11.447142738283224,49,Police,Group A
2003,4,79.18857411939705,147.04964760366133,38,Police,Group B
2007,5,39.42794843265078,101.41615214453694,31,Government,Group B
2013,3,20.191116512890257,78.81081868984366,27,Police,Unknown
2017,6,4.956656895251948,47.90476839744569,34,Civilian,Group C
2009,7,35.07617199987268,148.62511373050333,38,Civilian,Group C
2016,12,10.79980419708361,168.68249016706235,46,Civilian,Unknown
2005,3,89.80074779019965,104.49928725146032,37,Police,Group A
2018,2,38.71724459296184,8.228730473561544,10,Military,Group A
2011,7,57.584256801877736,120.3069086124104,2,Military,Group A
2007,9,84.14821150680721,29.777257537314487,40,Government,Group A
2012,12,23.22194995105822,166.41453659022744,7,Government,Group B
2011,8,37.267464662728074,37.55457628382494,45,Government,Unknown
2011,10,21.708274817739504,152.53607838998744,30,Government,Group A
2009,12,21.485402019258718,103.17494823009258,30,Police,Group C
2006,11,69.9024439034312,136.33451901404553,28,Police,Unknown
2013,5,17.79415921159898,75.1871614130351,39,Civilian,Group C
2004,6,65.20347231419288,106.65042827708548,20,Military,Unknown
2003,3,34.48337777471005,174.19505431065227,21,Police,Group A
2016,12,20.655720397463917,167.72917109875854,35,Military,Unknown
2005,5,82.50784607218381,79.89445185734613,26,Civilian,Group B
2003,12,46.93998847490284,90.50265690371252,7,Police,Group A
2000,1,15.883048046356459,112.56301991288494,30,Police,Group A
2009,11,89.78218243445195,73.60499587068173,27,Government,Group B
2013,12,78.00787587900888,66.4008057385892,19,Government,Group A
2009,12,24.519635546826905,2.213898956518514,13,Government,Group C
2011,3,70.04046388998671,44.99182643413065,40,Civilian,Unknown
2007,7,71.55854610351838,44.913233612526575,34,Government,Group B
2003,2,24.763327840085726,26.421626284201388,30,Civilian,Group A
2015,4,24.274199068812116,152.1260988485901,34,Police,Group A
2013,4,89.7813342062829,53.988993479172635,3,Police,Group A
2013,8,8.787529297565799,41.92502852123441,1,Government,Group C
2020,4,41.26669581691682,165.32679754343297,23,Military,Unknown
2007,4,27.554396969986527,99.60545129848526,44,Civilian,Group C
2014,3,45.09932544000313,29.605087764529607,2,Police,Group A
2011,11,13.459209630429989,28.24183508511332,48,Police,Group C
2011,6,85.38413215637578,71.4220961475026,19,Police,Group C
2019,3,80.32005971479855,105.19845607282299,37,Police,Unknown
2001,1,32.77293582059905,73.52190860177359,45,Military,Group A
2016,10,27.005758397123067,145.86366862796194,21,Government,Group A
2011,3,31.68299157386402,144.28262231008114,25,Military,Group B
2022,3,45.73394649572979,15.11389134950889,23,Government,Unknown
2013,4,68.14948128690334,126.050498177436,21,Police,Group C
2004,12,5.361570906022246,59.96609323295826,1,Police,Group A
2013,1,63.765222106075804,111.77924844050307,8,Government,Group B
2016,5,68.99262825056395,125.84156203348206,50,Military,Group B
2012,11,66.33245943891662,91.44849815266112,39,Civilian,Group C
2020,5,27.894881433015144,50.1815903705976,36,Government,Group A
2020,1,88.89701660085001,89.89438743676058,36,Military,Group B
2002,3,82.60592359859004,120.64096974250337,34,Police,Group C
2018,3,29.993310199128032,170.73817807367246,30,Military,Unknown
2019,8,86.12063276741107,66.8295323483685,43,Military,Unknown
2013,6,18.50641203619171,161.93686102284485,42,Police,Unknown
2009,1,54.04918684715817,161.1650379599088,3,Police,Unknown
2008,7,73.34390397668598,28.79293555892766,36,Government,Group A
2008,2,86.2007271700294,27.861105348707685,27,Civilian,Group C
2017,7,0.293483520965917,8.393048058741915,22,Military,Group C
2013,5,13.982103578452238,29.545336353068688,47,Military,Unknown
2002,2,87.72577604295562,86.28012969521247,25,Government,Group C
2004,7,65.26940741225243,149.36997768805327,47,Military,Group C
2016,7,25.76741156836055,95.89664349644255,39,Police,Group B
2022,6,44.16038072864417,145.98324914716775,36,Government,Group A
2013,4,80.76428083919028,6.3647789774121595,1,Civilian,Group C
2020,2,31.297426656553665,161.3326688022323,24,Police,Group C
2011,4,88.50276678882055,128.19994475232426,40,Military,Group B
2016,7,87.7794995232355,98.88418981452297,26,Civilian,Group C
2018,12,38.97333257050335,53.48157181160311,18,Government,Group B
2014,8,41.397553620804956,112.23377375375054,50,Police,Group C
2021,9,81.65710678380792,156.01553690853189,24,Military,Group B
2019,9,11.430702969233375,54.2651812632702,20,Civilian,Group C
2004,4,13.207783024998122,113.24846802871099,30,Civilian,Unknown
2012,6,46.81984493409109,65.46528448286446,29,Civilian,Group B
2004,10,52.9366046211383,90.63820117746174,18,Military,Group B
2021,12,85.74479323317688,17.864158799864303,16,Military,Group C
2018,3,81.95680087455008,156.90402348677404,45,Civilian,Group B
2017,8,19.335806321039385,141.69911492430643,43,Police,Group B
2022,3,41.386997988912505,56.57214887807684,2,Military,Group A
2022,12,15.91409472765336,176.02630672628976,40,Civilian,Group A
2017,12,31.104410799705843,165.2846794329003,45,Police,Group C
2015,2,9.165486588986493,132.04285792157282,45,Civilian,Unknown
2009,4,3.370303674500421,104.87358969021236,48,Military,Group A
2007,9,21.907003548550385,0.19151537408010455,46,Police,Unknown
2019,2,30.459145021320246,102.51901750764148,6,Military,Group A
2003,2,82.18550946176576,32.157651230191306,12,Military,Group A
2021,12,72.97463167443821,58.90366535201162,2,Civilian,Group B
2022,12,6.758311784705162,143.77411116421453,28,Government,Group A
2000,9,56.018626849562175,75.50025113945185,18,Civilian,Group A
2020,11,34.9424665844593,50.10874617159546,45,Civilian,Unknown
2005,3,70.68081698474619,67.17517044156739,6,Civilian,Group C
2002,6,39.700881121797046,3.378136309704831,35,Civilian,Group C
2007,12,11.348057912112438,2.033283268092312,3,Civilian,Group A
2020,4,12.15757879725719,61.32579605850281,2,Police,Group A
2018,9,23.40205613470522,84.30809082421965,50,Police,Group C
2014,1,89.67673361804748,115.64908597256841,5,Government,Group B
2021,7,1.6363274685818874,81.27701911239106,45,Military,Unknown
2022,11,29.699615830286547,164.43810378900056,25,Military,Group B
2019,8,74.21268592957271,158.31657305602084,14,Police,Group B
2018,2,10.121439164483677,45.941400199574446,37,Police,Unknown
2017,7,62.39098329875578,177.24370062753908,14,Government,Group A
2004,4,12.448132673119424,27.501638686064766,42,Government,Group C
2022,2,27.23905590515231,51.51619330495992,50,Police,Group C
2017,6,25.72061566442864,107.45536513305171,14,Military,Unknown
2013,9,11.006178972728108,87.10907816545848,46,Government,Group C
2001,3,87.06371969592333,49.763815507188845,36,Police,Group C
2008,9,12.767685482969883,37.84511565164383,13,Government,Group A
2010,8,28.21263065897773,5.883650597522328,30,Police,Group A
2005,5,82.69673921163307,6.541781269310032,24,Military,Group A
2007,9,19.517342000030126,126.95973544000637,14,Civilian,Group A
2015,7,9.989841814490049,18.154461466411448,14,Military,Unknown
2021,11,6.963770266439564,24.56324413525192,28,Military,Group C
2002,6,46.22816960649512,57.13171734206718,50,Civilian,Unknown
2006,12,57.70405647896244,76.95559058174074,24,Civilian,Group B
2016,10,77.73946906017726,24.774880384997473,36,Government,Group A
2021,8,34.72371522137674,57.40813161634893,7,Government,Group B
2001,3,77.2593585596869,90.18058881243938,33,Government,Unknown
2014,8,18.540403341563024,170.83787257418072,7,Police,Group A
2008,5,40.6432985946646,127.1917757382083,43,Military,Group B
2013,5,28.93425183373707,98.186300715258,3,Civilian,Unknown
2000,2,42.03124236384824,23.57044679756736,23,Civilian,Unknown
2017,6,27.026081778264714,88.99149246612006,19,Military,Group A
2004,8,26.561483220119513,21.835695594341125,8,Government,Group B
2010,2,60.38158607002221,3.548618140901567,8,Military,Group B
2011,6,8.77038059260709,144.14634014221082,36,Civilian,Unknown
2007,3,81.57135037838574,124.50836508100892,38,Military,Unknown
2017,12,31.07463015004269,44.80169658740813,49,Police,Group B
2009,10,86.27976069265655,127.64202271951189,33,Police,Group B
2022,11,73.08163138037243,112.8997667216445,24,Government,Group A
2014,11,59.47346330572195,110.57057470446492,1,Government,Group C
2021,5,72.12542605347485,70.49612365135715,38,Civilian,Group A
2007,3,88.90380917701258,66.62838221602411,5,Civilian,Group A
2012,9,58.43713957865231,64.60506891061767,43,Civilian,Group A
2013,4,59.69922425721296,178.58670596364502,13,Government,Unknown
2021,7,46.15221074647705,125.92100591024031,32,Police,Group A
2001,8,69.38570586459268,101.59033325477314,28,Police,Group A
2019,8,1.8459860195046718,81.85787776341027,12,Government,Group A
2017,2,50.3270972649343,160.1543711418755,36,Military,Group B
2000,4,3.2971324755661033,47.17131541721892,31,Civilian,Group C
2016,4,68.24340204855488,22.57808304773844,3,Military,Unknown
2002,2,49.59007036750805,36.94483807445518,13,Military,Group B
2008,11,63.173776560506866,144.9917900792627,6,Civilian,Group A
2003,6,30.95215429606509,108.06253877569559,42,Military,Unknown
2005,6,56.72885562124735,37.000857868610495,8,Police,Group C
2013,3,11.986859455496518,161.84183287218045,41,Military,Unknown
2007,10,8.12955170404068,53.71369383089345,48,Police,Unknown
2019,10,65.85360065687242,149.87113696828266,22,Government,Group A
2019,12,64.04390894079718,9.814398546346869,4,Military,Group B
2020,12,21.74724158943689,14.932914854060469,26,Government,Unknown
2008,6,6.209721132840411,14.549377553531889,43,Government,Unknown
2014,11,76.06153971039235,83.89141668461204,44,Military,Group B
2009,5,88.39701019306095,165.2037849472418,6,Government,Unknown
2000,3,86.92253315452969,57.34578331950702,47,Military,Group B
